{
  "conv_layer.0.weight": [
    [
      [
        [
          -0.6466580629348755,
          0.05883887782692909,
          0.6654679775238037
        ],
        [
          -0.3073442578315735,
          0.45018813014030457,
          0.38144391775131226
        ],
        [
          0.634594202041626,
          0.48146411776542664,
          0.7377957105636597
        ]
      ]
    ]
  ],
  "conv_layer.0.bias": [
    0.8096322417259216
  ],
  "fc_layer.weight": [
    [
      -0.09227079898118973,
      -0.24092373251914978,
      -0.1439780741930008,
      -0.13695457577705383,
      -0.328887939453125,
      -0.26128798723220825,
      0.02064620703458786,
      -0.35120776295661926,
      -0.14592814445495605,
      -0.12429528683423996,
      0.07243621349334717,
      0.24107401072978973,
      -0.11439482867717743,
      -0.38647323846817017,
      -0.2815152704715729,
      -0.012157727964222431,
      0.10932552814483643,
      -0.11763375252485275,
      0.015601041726768017,
      0.09215253591537476,
      -0.178339883685112,
      -0.0698845237493515,
      0.12082888931035995,
      0.14420461654663086,
      -0.7179995775222778,
      -0.3017366826534271,
      0.10073738545179367,
      0.10509391129016876,
      -0.1809026300907135,
      0.156991109251976,
      0.0710376426577568,
      -0.21359661221504211,
      0.18489579856395721,
      -0.03446958214044571,
      -0.060936424881219864,
      -0.12227006256580353,
      0.09194649755954742,
      0.18020427227020264,
      0.23548340797424316,
      0.020811624825000763,
      0.02065378986299038,
      -0.1077035591006279,
      -0.3697797656059265,
      -0.3545096218585968,
      -0.1552206575870514,
      -0.4120575487613678,
      -0.6527612209320068,
      -0.4759502708911896,
      -0.16044719517230988
    ],
    [
      -0.02603815495967865,
      -0.12220903486013412,
      0.010129433125257492,
      0.09368260949850082,
      -0.20796294510364532,
      -0.03593447431921959,
      0.21071568131446838,
      -0.03436597064137459,
      -0.23827211558818817,
      -0.05030464008450508,
      -0.09322027117013931,
      0.03062431514263153,
      -0.00845671072602272,
      -0.3659825921058655,
      0.006506654899567366,
      -0.1422107070684433,
      -0.2714622914791107,
      0.3880212903022766,
      -0.2310219705104828,
      -0.3085119426250458,
      -0.5271401405334473,
      -0.016693346202373505,
      -0.22534044086933136,
      -0.1865374892950058,
      0.3384300768375397,
      -0.2224094569683075,
      -0.5873856544494629,
      0.2844172418117523,
      -0.42302170395851135,
      -0.19233909249305725,
      -0.13860878348350525,
      0.3311786949634552,
      -0.4491616487503052,
      0.035993531346321106,
      0.2621960937976837,
      0.04859814792871475,
      0.18210668861865997,
      -0.025296952575445175,
      -0.1948220580816269,
      0.15737272799015045,
      -0.16348925232887268,
      0.4231678247451782,
      -0.06911852210760117,
      -0.23455609381198883,
      -0.30744391679763794,
      -0.15688414871692657,
      -0.13339638710021973,
      -0.07596927881240845,
      0.4176667332649231
    ],
    [
      -0.06380829215049744,
      0.053614143282175064,
      0.047804154455661774,
      -0.04886724427342415,
      -0.0767824575304985,
      -0.15178193151950836,
      -0.10512818396091461,
      0.07763997465372086,
      0.03771980106830597,
      0.29155316948890686,
      0.17521516978740692,
      0.018727511167526245,
      -0.13246460258960724,
      -0.46819907426834106,
      0.027124974876642227,
      -0.15138199925422668,
      -0.3616785407066345,
      -0.270649254322052,
      -0.04198693856596947,
      -0.07232125103473663,
      -0.4599071443080902,
      -0.1552887111902237,
      -0.12677545845508575,
      -0.16131488978862762,
      0.03967371955513954,
      -0.0545964241027832,
      -0.21242287755012512,
      0.31043675541877747,
      0.13668571412563324,
      0.18680700659751892,
      0.2959119975566864,
      0.17699982225894928,
      -0.03590516000986099,
      0.06433215737342834,
      0.4458499252796173,
      0.17357690632343292,
      0.14592720568180084,
      0.06184694916009903,
      -0.11481664329767227,
      0.004423963371664286,
      0.12973719835281372,
      0.41505080461502075,
      -0.22594667971134186,
      -0.48356252908706665,
      -0.4951734244823456,
      -0.24044205248355865,
      -0.19077180325984955,
      -0.3896402418613434,
      -0.05272163078188896
    ],
    [
      -0.036792609840631485,
      0.09151209145784378,
      0.07455191016197205,
      0.01009705476462841,
      -0.15499645471572876,
      -0.24884794652462006,
      -0.2548588216304779,
      0.23660609126091003,
      0.19721044600009918,
      0.18578951060771942,
      0.000673376489430666,
      -0.05538535490632057,
      -0.19722217321395874,
      -0.5649533271789551,
      0.13364385068416595,
      -0.07294569909572601,
      -0.3094770312309265,
      0.2587709426879883,
      0.15000969171524048,
      -0.03816903755068779,
      -0.5684884190559387,
      0.007758125197142363,
      -0.29291775822639465,
      0.021094493567943573,
      0.06037598103284836,
      -0.10156746208667755,
      -0.22733835875988007,
      -0.14546902477741241,
      0.40061235427856445,
      0.07542957365512848,
      -0.4620565176010132,
      -0.27509331703186035,
      0.15276630222797394,
      -0.0008088753675110638,
      -0.5843589901924133,
      0.23424451053142548,
      0.30942341685295105,
      0.10321787744760513,
      0.14160439372062683,
      0.03738819435238838,
      -0.0654313936829567,
      -0.27797943353652954,
      0.20948240160942078,
      0.00977756455540657,
      0.08278577774763107,
      0.08988729119300842,
      -0.08318544179201126,
      -0.2234535664319992,
      -0.17194725573062897
    ],
    [
      -0.12333919107913971,
      -0.12924353778362274,
      -0.33596518635749817,
      -0.13722708821296692,
      -0.06898943334817886,
      -0.0458071269094944,
      0.023141464218497276,
      0.196695938706398,
      0.08909665048122406,
      -0.00680881179869175,
      -0.28094035387039185,
      -0.011471194215118885,
      0.17956486344337463,
      0.19554650783538818,
      -0.15318737924098969,
      -0.11028826236724854,
      0.17608961462974548,
      -0.2627934515476227,
      0.16393506526947021,
      -0.20935793220996857,
      -0.2746342420578003,
      -0.05924661457538605,
      0.24870087206363678,
      0.35281693935394287,
      0.1605151742696762,
      0.250650018453598,
      0.17600305378437042,
      -0.15646351873874664,
      -0.3452289402484894,
      -0.11031684279441833,
      -0.2817138135433197,
      0.048096008598804474,
      -0.1391056776046753,
      -0.18149062991142273,
      -0.2666357755661011,
      -0.27855929732322693,
      -0.43249133229255676,
      -0.3931173086166382,
      0.03991011902689934,
      -0.08834490925073624,
      -0.13461869955062866,
      -0.13684681057929993,
      -0.36974209547042847,
      0.02533491514623165,
      -0.1338268518447876,
      -0.2667778432369232,
      -0.16192737221717834,
      -0.18792594969272614,
      -0.02042177878320217
    ],
    [
      -0.20227837562561035,
      -0.221676766872406,
      -0.048028167337179184,
      -0.08033870905637741,
      -0.06951899826526642,
      -0.2730550467967987,
      0.20261940360069275,
      -0.4158017039299011,
      -0.038797084242105484,
      0.06919534504413605,
      -0.2470257580280304,
      0.2666422128677368,
      0.23990857601165771,
      0.43020039796829224,
      -0.2652484178543091,
      0.017817961052060127,
      0.19691263139247894,
      -0.062100283801555634,
      -0.28117573261260986,
      -0.06746737658977509,
      0.737066924571991,
      -0.1356055587530136,
      -0.155277281999588,
      0.16900919377803802,
      -0.1326889842748642,
      -0.2986452877521515,
      -0.3984387516975403,
